{
    "size": "large",
    "color": "#bd230b",
    "leash_range": "256",
    "waves": [{
            "entities": [{
                    "entity": "cataclysm:netherite_monstrosity"
                }
            ],
            "modifiers": [{
                    "attribute": "generic.max_health",
                    "operation": "MULTIPLY_TOTAL",
                    "value": 10.5
                },
                {
                    "attribute": "generic.armor",
                    "operation": "ADDITION",
                    "value": 70
                },
                {
                    "attribute": "generic.attack_damage",
                    "operation": "MULTIPLY_TOTAL",
                    "value": 1.5
                },
                {
                    "attribute": "generic.knockback_resistance",
                    "operation": "ADDITION",
                    "value": 0.5
                },
                {
                    "attribute": "generic.movement_speed",
                    "operation": "MULTIPLY_TOTAL",
                    "value": 0.06
                }           
            ],
            "rewards": [{
                "type": "stack",
                "stack":  {
                "item": "cisco_mod:radiant_sunshard"
            }
            }],
            "max_wave_time": 1500,
            "setup_time": 200
        },
        {
            "entities": [{
                    "entity": "cataclysm:ender_guardian"
                }
            ],
            "modifiers": [{
                    "attribute": "generic.max_health",
                    "operation": "MULTIPLY_TOTAL",
                    "value": 11.5
                },
                {
                    "attribute": "generic.armor",
                    "operation": "ADDITION",
                    "value": 80
                },
                {
                    "attribute": "generic.attack_damage",
                    "operation": "MULTIPLY_TOTAL",
                    "value": 2.5
                },
                {
                    "attribute": "generic.knockback_resistance",
                    "operation": "ADDITION",
                    "value": 0.5
                },
                {
                    "attribute": "generic.movement_speed",
                    "operation": "MULTIPLY_TOTAL",
                    "value": 0.06
                }
            ],
            "rewards": [{
                "type": "stack",
                "stack": {
                "item": "cataclysm:ignitium_ingot"
                }
            }],
            "max_wave_time": 2000,
            "setup_time": 400
        },
        {
            "entities": [{
                    "entity": "cataclysm:the_leviathan"
                }
            ],
            "modifiers": [{
                    "attribute": "generic.max_health",
                    "operation": "MULTIPLY_TOTAL",
                    "value": 12.85
                },
                {
                    "attribute": "generic.armor",
                    "operation": "ADDITION",
                    "value": 90
                },
                {
                    "attribute": "generic.attack_damage",
                    "operation": "MULTIPLY_TOTAL",
                    "value": 2.85
                },
                {
                    "attribute": "generic.knockback_resistance",
                    "operation": "ADDITION",
                    "value": 0.15
                },
                {
                    "attribute": "generic.movement_speed",
                    "operation": "MULTIPLY_TOTAL",
                    "value": 0.15
                }
            ],
            "rewards": [{
                "type": "stack",
                "stack": {
                "item": "cisco_mod:champion_coin"
            }
            },
            {
                "type": "stack",
                "stack": {
                    "item": "cataclysm:necklace_of_the_desert"
                }
            }],
            "max_wave_time": 2500,
            "setup_time": 400
        },
        {
            "entities": [{
                    "entity": "cataclysm:ancient_remnant"
                }
            ],
            "modifiers": [{
                    "attribute": "generic.max_health",
                    "operation": "MULTIPLY_TOTAL",
                    "value": 13.25
                },
                {
                    "attribute": "generic.armor",
                    "operation": "ADDITION",
                    "value": 100
                },
                {
                    "attribute": "generic.attack_damage",
                    "operation": "MULTIPLY_TOTAL",
                    "value": 3.25
                },
                {
                    "attribute": "generic.knockback_resistance",
                    "operation": "ADDITION",
                    "value": 0.20
                },
                {
                    "attribute": "generic.movement_speed",
                    "operation": "MULTIPLY_TOTAL",
                    "value": 0.20
                }
            ],
            "rewards": [{
                "type": "stack",
                "stack": {
                "item": "cisco_mod:champion_coin"
            }
                }],
                "max_wave_time": 2500,
                "setup_time": 400
            },
            {
                "entities": [{
                        "entity": "cataclysm:ignis"
                    }
                ],
                "modifiers": [{
                        "attribute": "generic.max_health",
                        "operation": "MULTIPLY_TOTAL",
                        "value": 13.50
                    },
                    {
                        "attribute": "generic.armor",
                        "operation": "ADDITION",
                        "value": 110
                    },
                    {
                        "attribute": "generic.attack_damage",
                        "operation": "MULTIPLY_TOTAL",
                        "value": 3.50
                    },
                    {
                        "attribute": "generic.knockback_resistance",
                        "operation": "ADDITION",
                        "value": 0.30
                    },
                    {
                        "attribute": "generic.movement_speed",
                        "operation": "MULTIPLY_TOTAL",
                        "value": 0.30
                    }
                ],
                "rewards": [{
                    "type": "stack",
                    "stack": {
                    "item": "dreadsteel:dreadsteel_ingot",
                    "item": "cisco_mod:radiant_sunshard"
                }
                }],
                "max_wave_time": 2500,
                "setup_time": 400
            }
        ],
        "rewards": [{
            "type": "entity_loot",
            "entity": "cisco_mod:cisco",
            "rolls": 4
        },
        {
            "type": "stack",
            "stack": {
                "item": "dreadsteel:dreadsteel_ingot", "item": "dreadsteel:dreadsteel_ingot", "item": "dreadsteel:dreadsteel_ingot", "item": "dreadsteel:dreadsteel_ingot", "item": "dreadsteel:dreadsteel_ingot", "item": "dreadsteel:dreadsteel_ingot"
            }
        }],
        "completion_xp": 6000,
        "spawn_range": 10
    }
    