{
    "variant": "eldritch",
    "weight": 5,
    "quality": 0,
    "dimensions": [],
    "bonuses": [
        {
            "type": "apotheosis:attribute",
            "gem_class":
            {
                "key": "anything",
                "types": ["helmet",
                    "chestplate",
                    "leggings",
                    "boots", "curios:spellbook"]
            },
            "attribute": "irons_spellbooks:eldritch_spell_power",
            "operation": "MULTIPLY_TOTAL",
            "values":
            {
                "common":
                {
                    "min": 0.02,
                    "steps": 1,
                    "step": 0
                },
                "uncommon":
                {
                    "min": 0.05,
                    "steps": 1,
                    "step": 0
                },
                "rare":
                {
                    "min": 0.1,
                    "steps": 1,
                    "step": 0
                },
                "epic":
                {
                    "min": 0.2,
                    "steps": 1,
                    "step": 0
                },
                "mythic":
                {
                    "min": 0.3,
                    "steps": 1,
                    "step": 0
                },
                "ancient":
                {
                    "min": 0.4,
                    "steps": 1,
                    "step": 0
                }
            }
        }
    ]
}