{
	"variant": "armor",
	"weight": 7,
	"quality": 0,
	"dimensions": [
	],
	"bonuses": [{
			"type": "apotheosis:attribute",
			"gem_class": {
				"key": "anything",
				"types": [
					"bow", "crossbow", "pickaxe", "shovel",
					"heavy_weapon", "helmet", "chestplate",
					"leggings", "boots", "shield",
					"trident", "sword"
				]
			},
			"attribute": "minecraft:generic.armor",
			"operation": "ADDITION",
			"values": {
				"common": 2.5,
				"uncommon": 5.0,
				"rare": 7.5,
				"epic": 12.5,
				"mythic": 15.0,
				"ancient": 25.0
			}
        },
        {
            "type": "apotheosis:attribute",
            "gem_class": {
                "key": "curios",
                "types": [
					"curios:ring",
					"curios:hostility_curse",
					"curios:head",
					"curios:necklace",
					"curios:back",
					"curios:an_focus",
					"curios:bangle",
					"curios:body",
					"curios:bundle",
					"curios:quiver",
					"curios:spellstone",
					"curios:artifact_head",
					"curios:artifact_necklace",
                    "curios:artifact_body",
                    "curios:artifact_belt",
                    "curios:artifact_bracelet",
					"curios:hands",
					"curios:belt",
					"curios:charm",
					"curios:feet",
					"curios:talisman",
					"curios:aether_ring",
					"curios:aether_cape",
					"curios:aether_gloves",
					"curios:aether_accessory",
					"curios:aether_shield",
					"curios:aether_pendant",
					"curios:trinkets"
	]
},
"attribute": "minecraft:generic.armor",
"operation": "ADDITION",
"values": {
	"common": 0.5,
	"uncommon": 1.0,
	"rare": 1.5,
	"epic": 2.0,
	"mythic": 2.5,
	"ancient": 3.0
			}
		}
	]
}