{
	"conditions": [{
		"type": "forge:mod_loaded",
		"modid": "eidolon"
	},
	{
		"type": "forge:mod_loaded",
		"modid": "irons_spellbooks"
	}],
	"weight": 3,
	"quality": 1.5,
	"dimensions": [],
	"unique": true,
	"min_rarity": "rare",
	"bonuses": [
		{
			"type": "apotheosis:mob_effect",
			"gem_class": {
				"key": "wand",
				"types": [
					"wand"
				]
			},
			"mob_effect": "eidolon:reinforced",
			"target": "attack_self",
			"values": {
				"epic": {
					"duration": 60,
					"amplifier": 0,
					"cooldown": 400
				},
				"mythic": {
					"duration": 100,
					"amplifier": 0,
					"cooldown": 400
				},
				"ancient": {
					"duration": 200,
					"amplifier": 0,
					"cooldown": 400
				}
			}
		},
		{
			"type": "apotheosis:attribute",
			"gem_class": {
				"key": "spellbook",
				"types": [
					"spellbook"
				]
			},
			"attribute": "irons_spellbooks:max_mana",
			"operation": "ADDITION",
			"values": {
				"rare": 50,
				"epic": 75,
				"mythic": 100,
				"ancient": 125
			}
		},
		{
			"type": "apotheosis:drop_transform",
			"gem_class": {
				"key": "pickaxe",
				"types": [
					"pickaxe"
				]
			},
			"blocks": "forge:ores/silver",
			"inputs": {
				"tag": "forge:raw_materials/silver"
			},
			"output": {
				"item": "irons_spellbooks:arcane_essence"
			},
			"values": {
				"rare": 0.10,
				"epic": 0.20,
				"mythic": 0.30,
				"ancient": 0.40
			}
        },
        {
            "type": "apotheosis:attribute",
            "gem_class": {
                "key": "curios",
                "types": [
					"curios:ring",
					"curios:hostility_curse",
					"curios:head",
					"curios:necklace",
					"curios:back",
					"curios:an_focus",
					"curios:bangle",
					"curios:body",
					"curios:bundle",
					"curios:quiver",
					"curios:spellstone",
					"curios:artifact_head",
					"curios:artifact_necklace",
                    "curios:artifact_body",
                    "curios:artifact_belt",
                    "curios:artifact_bracelet",
					"curios:hands",
					"curios:belt",
					"curios:charm",
					"curios:feet",
					"curios:talisman",
					"curios:aether_ring",
					"curios:aether_cape",
					"curios:aether_gloves",
					"curios:aether_accessory",
					"curios:aether_shield",
					"curios:aether_pendant",
					"curios:trinkets"
	]
},
"attribute": "irons_spellbooks:max_mana",
"operation": "ADDITION",
"values": {
	"rare": 25,
	"epic": 40,
	"mythic": 55,
	"ancient": 70
			}
		}
	]
}