{
    "size": "small",
    "color": "#D3D3D3",
    "allow_discarding": true,
    "waves": [{
            "entities": [{
                    "entity": "minecraft:skeleton"
                },
                {
                    "entity": "minecraft:skeleton"
                }
            ],
            "rewards": [{
                "type": "entity_loot",
                "entity": "minecraft:skeleton",
                "rolls": 3
            }],
            "max_wave_time": 750,
            "setup_time": 150
        },
        {
            "entities": [{
                    "entity": "minecraft:skeleton"
                },
                {
                    "entity": "minecraft:skeleton"
                }
            ],
            "modifiers": [{
                    "attribute": "generic.max_health",
                    "operation": "MULTIPLY_TOTAL",
                    "value": 0.33
                },
                {
                    "attribute": "generic.armor",
                    "operation": "ADDITION",
                    "value": 2.5
                },
                {
                    "attribute": "generic.attack_damage",
                    "operation": "MULTIPLY_TOTAL",
                    "value": 0.33
                },
                {
                    "attribute": "generic.knockback_resistance",
                    "operation": "ADDITION",
                    "value": 0.05
                },
                {
                    "attribute": "generic.movement_speed",
                    "operation": "MULTIPLY_TOTAL",
                    "value": 0.05
                }
            ],
            "rewards": [{
                "type": "entity_loot",
                "entity": "minecraft:skeleton",
                "rolls": 6
            }],
            "max_wave_time": 750,
            "setup_time": 150
        },
        {
            "entities": [{
                    "entity": "minecraft:skeleton"
                },
                {
                    "entity": "minecraft:skeleton"
                },
                {
                    "entity": "minecraft:skeleton"
                },
                {
                    "entity": "minecraft:skeleton"
                }
            ],
            "modifiers": [{
                    "attribute": "generic.max_health",
                    "operation": "MULTIPLY_TOTAL",
                    "value": 0.66
                },
                {
                    "attribute": "generic.armor",
                    "operation": "ADDITION",
                    "value": 4
                },
                {
                    "attribute": "generic.attack_damage",
                    "operation": "MULTIPLY_TOTAL",
                    "value": 0.5
                },
                {
                    "attribute": "generic.knockback_resistance",
                    "operation": "ADDITION",
                    "value": 0.10
                },
                {
                    "attribute": "generic.movement_speed",
                    "operation": "MULTIPLY_TOTAL",
                    "value": 0.10
                }
            ],
            "rewards": [{
                "type": "entity_loot",
                "entity": "minecraft:skeleton",
                "rolls": 9
            }],
            "max_wave_time": 750,
            "setup_time": 150
        },
        {
            "entities": [{
                    "entity": "minecraft:skeleton"
                },
                {
                    "entity": "minecraft:skeleton"
                },
                {
                    "entity": "minecraft:skeleton"
                },
                {
                    "entity": "minecraft:skeleton"
                }
            ],
            "modifiers": [{
                    "attribute": "generic.max_health",
                    "operation": "MULTIPLY_TOTAL",
                    "value": 0.85
                },
                {
                    "attribute": "generic.armor",
                    "operation": "ADDITION",
                    "value": 5
                },
                {
                    "attribute": "generic.attack_damage",
                    "operation": "MULTIPLY_TOTAL",
                    "value": 0.66
                },
                {
                    "attribute": "generic.knockback_resistance",
                    "operation": "ADDITION",
                    "value": 0.15
                },
                {
                    "attribute": "generic.movement_speed",
                    "operation": "MULTIPLY_TOTAL",
                    "value": 0.15
                }
            ],
            "rewards": [{
                "type": "entity_loot",
                "entity": "minecraft:skeleton",
                "rolls": 12
            }],
            "max_wave_time": 750,
            "setup_time": 150
        },
        {
            "entities": [{
                    "entity": "minecraft:skeleton"
                },
                {
                    "entity": "minecraft:skeleton"
                },
                {
                    "entity": "minecraft:skeleton"
                },
                {
                    "entity": "minecraft:skeleton"
                },
                {
                    "entity": "minecraft:skeleton"
                }
            ],
            "modifiers": [{
                    "attribute": "generic.max_health",
                    "operation": "MULTIPLY_TOTAL",
                    "value": 1.25
                },
                {
                    "attribute": "generic.armor",
                    "operation": "ADDITION",
                    "value": 6
                },
                {
                    "attribute": "generic.attack_damage",
                    "operation": "MULTIPLY_TOTAL",
                    "value": 0.85
                },
                {
                    "attribute": "generic.knockback_resistance",
                    "operation": "ADDITION",
                    "value": 0.20
                },
                {
                    "attribute": "generic.movement_speed",
                    "operation": "MULTIPLY_TOTAL",
                    "value": 0.20
                }
            ],
            "rewards": [{
                "type": "entity_loot",
                "entity": "minecraft:skeleton",
                "rolls": 15
            }],
            "max_wave_time": 750,
            "setup_time": 150
        }
    ],
    "rewards": [{
        "type": "entity_loot",
        "entity": "minecraft:skeleton",
        "rolls": 30
    }],
    "completion_xp": 250,
	"spawn_range": 5
}