{
    "size": "medium",
    "color": "#361758",
    "allow_discarding": true,
    "waves": [{
            "entities": [{
                    "entity": "minecraft:witch"
                },
                {
                    "entity": "minecraft:witch"
                },
                {
                    "entity": "minecraft:witch"
                }
            ],
            "rewards": [{
                "type": "entity_loot",
                "entity": "minecraft:witch",
                "rolls": 5
            }],
            "max_wave_time": 750,
            "setup_time": 150
        },
        {
            "entities": [{
                    "entity": "minecraft:witch"
                },
                {
                    "entity": "minecraft:witch"
                },
                {
                    "entity": "minecraft:witch"
                }
            ],
            "modifiers": [{
                    "attribute": "generic.max_health",
                    "operation": "MULTIPLY_TOTAL",
                    "value": 0.33
                },
                {
                    "attribute": "generic.armor",
                    "operation": "ADDITION",
                    "value": 2.5
                },
                {
                    "attribute": "generic.attack_damage",
                    "operation": "MULTIPLY_TOTAL",
                    "value": 0.33
                },
                {
                    "attribute": "generic.knockback_resistance",
                    "operation": "ADDITION",
                    "value": 0.05
                },
                {
                    "attribute": "generic.movement_speed",
                    "operation": "MULTIPLY_TOTAL",
                    "value": 0.05
                }
            ],
            "rewards": [{
                "type": "entity_loot",
                "entity": "minecraft:witch",
                "rolls": 10
            }],
            "max_wave_time": 750,
            "setup_time": 150
        },
        {
            "entities": [{
                    "entity": "minecraft:witch"
                },
                {
                    "entity": "minecraft:witch"
                },
                {
                    "entity": "minecraft:witch"
                },
				{
                    "entity": "minecraft:witch"
                },
                {
                    "entity": "minecraft:witch"
                }
            ],
            "modifiers": [{
                    "attribute": "generic.max_health",
                    "operation": "MULTIPLY_TOTAL",
                    "value": 0.66
                },
                {
                    "attribute": "generic.armor",
                    "operation": "ADDITION",
                    "value": 4
                },
                {
                    "attribute": "generic.attack_damage",
                    "operation": "MULTIPLY_TOTAL",
                    "value": 0.5
                },
                {
                    "attribute": "generic.knockback_resistance",
                    "operation": "ADDITION",
                    "value": 0.10
                },
                {
                    "attribute": "generic.movement_speed",
                    "operation": "MULTIPLY_TOTAL",
                    "value": 0.10
                }
            ],
            "rewards": [{
                "type": "entity_loot",
                "entity": "minecraft:witch",
                "rolls": 15
            }],
            "max_wave_time": 750,
            "setup_time": 150
        },
        {
            "entities": [{
                    "entity": "minecraft:witch"
                },
                {
                    "entity": "minecraft:witch"
                },
                {
                    "entity": "minecraft:witch"
                },
				{
                    "entity": "minecraft:witch"
                },
                {
                    "entity": "minecraft:witch"
                },
                {
                    "entity": "minecraft:witch"
                }
            ],
            "modifiers": [{
                    "attribute": "generic.max_health",
                    "operation": "MULTIPLY_TOTAL",
                    "value": 0.85
                },
                {
                    "attribute": "generic.armor",
                    "operation": "ADDITION",
                    "value": 5
                },
                {
                    "attribute": "generic.attack_damage",
                    "operation": "MULTIPLY_TOTAL",
                    "value": 0.66
                },
                {
                    "attribute": "generic.knockback_resistance",
                    "operation": "ADDITION",
                    "value": 0.15
                },
                {
                    "attribute": "generic.movement_speed",
                    "operation": "MULTIPLY_TOTAL",
                    "value": 0.15
                }
            ],
            "rewards": [{
                "type": "entity_loot",
                "entity": "minecraft:witch",
                "rolls": 20
            }],
            "max_wave_time": 750,
            "setup_time": 150
        },
        {
            "entities": [{
                    "entity": "minecraft:witch"
                },
                {
                    "entity": "minecraft:witch"
                },
                {
                    "entity": "minecraft:witch"
                },
				{
                    "entity": "minecraft:witch"
                },
                {
                    "entity": "minecraft:witch"
                },
                {
                    "entity": "minecraft:witch"
                },
                {
                    "entity": "minecraft:witch"
                }
            ],
            "modifiers": [{
                    "attribute": "generic.max_health",
                    "operation": "MULTIPLY_TOTAL",
                    "value": 1.25
                },
                {
                    "attribute": "generic.armor",
                    "operation": "ADDITION",
                    "value": 6
                },
                {
                    "attribute": "generic.attack_damage",
                    "operation": "MULTIPLY_TOTAL",
                    "value": 0.85
                },
                {
                    "attribute": "generic.knockback_resistance",
                    "operation": "ADDITION",
                    "value": 0.20
                },
                {
                    "attribute": "generic.movement_speed",
                    "operation": "MULTIPLY_TOTAL",
                    "value": 0.20
                }
            ],
            "rewards": [{
                "type": "entity_loot",
                "entity": "minecraft:witch",
                "rolls": 25
            }],
            "max_wave_time": 750,
            "setup_time": 150
        }
    ],
    "rewards": [{
        "type": "entity_loot",
        "entity": "minecraft:witch",
        "rolls": 60
    }],
    "completion_xp": 500,
	"spawn_range": 7
}