{
	"conditions": [{
		"type": "forge:mod_loaded",
		"modid": "aether"
	}],
	"weight": 5,
	"quality": 1.5,
	"dimensions": ["aether:the_aether"],
	"unique": true,
	"min_rarity": "mythic",
	"bonuses": [
		{
			"type": "apotheosis:attribute",
			"gem_class": {
				"key": "helmet",
				"types": [
					"helmet"
				]
			},
			"attribute": "apotheosis:experience_gained",
			"operation": "ADDITION",
			"values": {
				"mythic": 0.5,
				"ancient": 1
			}
		},
		{
			"type": "apotheosis:attribute",
			"gem_class": {
				"key": "chestplate",
				"types": [
					"chestplate"
				]
			},
			"attribute": "apotheosis:overheal",
			"operation": "ADDITION",
			"values": {
				"mythic": 0.5,
				"ancient": 1
			}
		}
]
}