{
	"conditions": [{
		"type": "forge:mod_loaded",
		"modid": "cataclysm"
	}],
	"type": "apotheosis:mob_effect",
	"mob_effect": "cataclysm:blazing_brand",
	"target": "ATTACK_TARGET",
	"values": {
		"rare": {
			"duration": {
				"min": 40,
				"steps": 2,
				"step": 15
			},
			"amplifier": 0,
			"cooldown": 500
		},
		"epic": {
			"duration": {
				"min": 80,
				"steps": 4,
				"step": 20
			},
			"amplifier": 0,
			"cooldown": 400
		},
		"mythic": {
			"duration": {
				"min": 100,
				"steps": 4,
				"step": 20
			},
			"amplifier": {
				"min": 0,
				"steps": 8,
				"step": 0.26
			},
			"cooldown": 400
		},
		"ancient": {
			"duration": {
				"min": 100,
				"steps": 6,
				"step": 20
			},
			"amplifier": 3,
			"cooldown": 400
		}
	},
	"types": [
		"curios:ring",
		"curios:head",
		"curios:trinkets",
		"curios:necklace",
		"curios:back",
		"curios:an_focus",
		"curios:bangle",
		"curios:artifact_head",
					"curios:artifact_necklace",
                    "curios:artifact_body",
                    "curios:artifact_belt",
                    "curios:artifact_bracelet",
		"curios:hostility_curse",
		"curios:body",
		"curios:bundle",
		"curios:talisman",
		"curios:quiver",
		"curios:spellstone",
		"curios:hands",
		"curios:belt",
		"curios:charm",
		"curios:feet",
		"curios:aether_ring",
        "curios:aether_cape",
        "curios:aether_gloves",
        "curios:aether_accessory",
        "curios:aether_shield",
        "curios:aether_pendant"
	]
}