{
	"type": "apotheosis:mob_effect",
	"mob_effect": "minecraft:poison",
	"target": "ARROW_TARGET",
	"stack_on_reapply": true,
	"values": {
		"epic": {
			"duration": {
				"min": 80,
				"steps": 3,
				"step": 20
			},
			"amplifier": {
				"min": 0,
				"steps": 4,
				"step": 0.26
			},
			"cooldown": 40
		},
		"mythic": {
			"duration": {
				"min": 80,
				"steps": 3,
				"step": 20
			},
			"amplifier": {
				"min": 0,
				"steps": 4,
				"step": 0.26
			},
			"cooldown": 40
		},
		"ancient": {
			"duration": {
				"min": 80,
				"steps": 3,
				"step": 20
			},
			"amplifier": 2,
			"cooldown": 40
		}
	},
	"types": [
		"curios:ring",
		"curios:head",
		"curios:artifact_head",
					"curios:artifact_necklace",
                    "curios:artifact_body",
                    "curios:artifact_belt",
                    "curios:artifact_bracelet",
		"curios:necklace",
		"curios:back",
		"curios:an_focus",
		"curios:bangle",
		"curios:body",
		"curios:trinkets",
		"curios:bundle",
		"curios:quiver",
		"curios:hostility_curse",
		"curios:spellstone",
		"curios:hands",
		"curios:talisman",
		"curios:belt",
		"curios:charm",
		"curios:feet",
		"curios:aether_ring",
        "curios:aether_cape",
        "curios:aether_gloves",
        "curios:aether_accessory",
        "curios:aether_shield",
        "curios:aether_pendant"
	]
}