{
	"type": "apotheosis:mob_effect",
	"mob_effect": "minecraft:speed",
	"target": "HURT_SELF",
	"values": {
		"rare": {
			"duration": {
				"min": 200,
				"steps": 10,
				"step": 20
			},
			"amplifier": 0,
			"cooldown": 800
		},
		"epic": {
			"duration": {
				"min": 200,
				"steps": 10,
				"step": 20
			},
			"amplifier": {
				"min": 0,
				"steps": 8,
				"step": 0.25
			},
			"cooldown": 700
		},
		"mythic": {
			"duration": {
				"min": 200,
				"steps": 10,
				"step": 20
			},
			"amplifier": {
				"min": 0,
				"steps": 4,
				"step": 0.5
			},
			"cooldown": 600
		},
		"ancient": {
			"duration": {
				"min": 200,
				"steps": 10,
				"step": 40
			},
			"amplifier": {
				"min": 0,
				"steps": 4,
				"step": 0.5
			},
			"cooldown": 600
		}
	},
	"types": [
		"curios:ring",
		"curios:head",
		"curios:necklace",
		"curios:back",
		"curios:an_focus",
		"curios:bangle",
		"curios:body",
		"curios:bundle",
		"curios:trinkets",
		"curios:quiver",
		"curios:spellstone",
		"curios:hands",
		"curios:talisman",
		"curios:artifact_head",
					"curios:artifact_necklace",
                    "curios:artifact_body",
                    "curios:artifact_belt",
                    "curios:artifact_bracelet",
		"curios:belt",
		"curios:charm",
		"curios:feet",
		"curios:aether_ring",
        "curios:aether_cape",
        "curios:aether_gloves",
        "curios:aether_accessory",
        "curios:aether_shield",
        "curios:aether_pendant"
	]
}