{
	"type": "apotheosis:mob_effect",
	"mob_effect": "minecraft:instant_health",
	"target": "HURT_SELF",
	"values": {
		"epic": {
			"duration": 1,
			"amplifier": 0,
			"cooldown": 300
		},
		"mythic": {
			"duration": 1,
			"_comment": "This weird amplifier setup gives a 20% chance of Instant Health II being granted",
			"amplifier": {
				"min": 0,
				"steps": 4,
				"step": 0.3
			},
			"cooldown": 240
		},
		"ancient": {
			"duration": 1,
			"amplifier": {
				"min": 1,
				"steps": 1,
				"step": 1
			},
			"cooldown": 200
		}
	},
	"types": [
		"curios:ring",
		"curios:head",
		"curios:necklace",
		"curios:back",
		"curios:an_focus",
		"curios:bangle",
		"curios:body",
		"curios:bundle",
		"curios:quiver",
		"curios:artifact_head",
					"curios:artifact_necklace",
                    "curios:artifact_body",
                    "curios:artifact_belt",
                    "curios:artifact_bracelet",
		"curios:trinkets",
		"curios:spellstone",
		"curios:hands",
		"curios:talisman",
		"curios:belt",
		"curios:charm",
		"curios:feet",
		"curios:aether_ring",
		"curios:hostility_curse",
        "curios:aether_cape",
        "curios:aether_gloves",
        "curios:aether_accessory",
        "curios:aether_shield",
        "curios:aether_pendant"
	]
}