{
    "size": "large",
    "color": "#bd230b",
    "waves": [{
            "entities": [{
                    "entity": "cataclysm:netherite_monstrosity"
                }
            ],
            "modifiers": [{
                    "attribute": "generic.max_health",
                    "operation": "MULTIPLY_TOTAL",
                    "value": 0.5
                },
                {
                    "attribute": "generic.armor",
                    "operation": "ADDITION",
                    "value": 30
                },
                {
                    "attribute": "generic.attack_damage",
                    "operation": "MULTIPLY_TOTAL",
                    "value": 0.5
                },
                {
                    "attribute": "generic.knockback_resistance",
                    "operation": "ADDITION",
                    "value": 0.5
                },
                {
                    "attribute": "generic.movement_speed",
                    "operation": "MULTIPLY_TOTAL",
                    "value": 0.06
                }           
            ],
            "rewards": [{
                "type": "stack",
                "stack":  {
                "item": "cataclysm:ignitium_ingot"
            }
            }],
            "max_wave_time": 3000,
            "setup_time": 200
        },
        {
            "entities": [{
                    "entity": "cataclysm:ender_guardian"
                }
            ],
            "modifiers": [{
                    "attribute": "generic.max_health",
                    "operation": "MULTIPLY_TOTAL",
                    "value": 0.5
                },
                {
                    "attribute": "generic.armor",
                    "operation": "ADDITION",
                    "value": 30
                },
                {
                    "attribute": "generic.attack_damage",
                    "operation": "MULTIPLY_TOTAL",
                    "value": 0.5
                },
                {
                    "attribute": "generic.knockback_resistance",
                    "operation": "ADDITION",
                    "value": 0.5
                },
                {
                    "attribute": "generic.movement_speed",
                    "operation": "MULTIPLY_TOTAL",
                    "value": 0.06
                }
            ],
            "rewards": [{
                "type": "stack",
                "stack": {
                "item": "minecraft:nether_star"
                }
            }],
            "max_wave_time": 4000,
            "setup_time": 400
        },
        {
            "entities": [{
                    "entity": "cataclysm:the_leviathan"
                }
            ],
            "modifiers": [{
                    "attribute": "generic.max_health",
                    "operation": "MULTIPLY_TOTAL",
                    "value": 0.85
                },
                {
                    "attribute": "generic.armor",
                    "operation": "ADDITION",
                    "value": 50
                },
                {
                    "attribute": "generic.attack_damage",
                    "operation": "MULTIPLY_TOTAL",
                    "value": 0.85
                },
                {
                    "attribute": "generic.knockback_resistance",
                    "operation": "ADDITION",
                    "value": 0.15
                },
                {
                    "attribute": "generic.movement_speed",
                    "operation": "MULTIPLY_TOTAL",
                    "value": 0.15
                }
            ],
            "rewards": [{
                "type": "stack",
                "stack": {
                "item": "dreadsteel:dreadsteel_ingot"
            }
            },
            {
                "type": "stack",
                "stack": {
                    "item": "cataclysm:necklace_of_the_desert"
                }
            }],
            "max_wave_time": 6000,
            "setup_time": 400
        },
        {
            "entities": [{
                    "entity": "cataclysm:ancient_remnant"
                }
            ],
            "modifiers": [{
                    "attribute": "generic.max_health",
                    "operation": "MULTIPLY_TOTAL",
                    "value": 1.25
                },
                {
                    "attribute": "generic.armor",
                    "operation": "ADDITION",
                    "value": 60
                },
                {
                    "attribute": "generic.attack_damage",
                    "operation": "MULTIPLY_TOTAL",
                    "value": 1.25
                },
                {
                    "attribute": "generic.knockback_resistance",
                    "operation": "ADDITION",
                    "value": 0.20
                },
                {
                    "attribute": "generic.movement_speed",
                    "operation": "MULTIPLY_TOTAL",
                    "value": 0.20
                }
            ],
            "rewards": [{
                "type": "stack",
                "stack": {
                "item": "dreadsteel:dreadsteel_ingot"
            }
                }],
                "max_wave_time": 6000,
                "setup_time": 400
            },
            {
                "entities": [{
                        "entity": "cataclysm:ignis"
                    }
                ],
                "modifiers": [{
                        "attribute": "generic.max_health",
                        "operation": "MULTIPLY_TOTAL",
                        "value": 1.50
                    },
                    {
                        "attribute": "generic.armor",
                        "operation": "ADDITION",
                        "value": 70
                    },
                    {
                        "attribute": "generic.attack_damage",
                        "operation": "MULTIPLY_TOTAL",
                        "value": 1.50
                    },
                    {
                        "attribute": "generic.knockback_resistance",
                        "operation": "ADDITION",
                        "value": 0.30
                    },
                    {
                        "attribute": "generic.movement_speed",
                        "operation": "MULTIPLY_TOTAL",
                        "value": 0.30
                    }
                ],
                "rewards": [{
                    "type": "stack",
                    "stack": {
                    "item": "dreadsteel:dreadsteel_ingot",
                    "item": "cataclysm:ignitium_ingot"
                }
                }],
                "max_wave_time": 6000,
                "setup_time": 400
            }
        ],
        "rewards": [{
            "type": "entity_loot",
            "entity": "cataclysm:ignis",
            "rolls": 4
        },
        {
            "type": "stack",
            "stack": {
                "item": "dreadsteel:dreadsteel_ingot", "item": "dreadsteel:dreadsteel_ingot", "item": "dreadsteel:dreadsteel_ingot", "item": "dreadsteel:dreadsteel_ingot", "item": "dreadsteel:dreadsteel_ingot", "item": "dreadsteel:dreadsteel_ingot"
            }
        }],
        "completion_xp": 6000,
        "spawn_range": 12
    }
    