{
	"conditions": [{
		"type": "apotheosis:module",
		"module": "enchantment"
	},
	{
		"type": "forge:mod_loaded",
		"modid": "born_in_chaos_v1"
	}],
	"weight": 3,
	"quality": 1.5,
	"dimensions": [],
	"unique": true,
	"min_rarity": "uncommon",
	"bonuses": [		{
			"type": "apotheosis:multi_attribute",
			"desc": "bonus.apotheosis:multi_attr.desc.and",
			"gem_class": {
				"key": "heavy_weapon",
				"types": [
					"heavy_weapon"
				]
			},
			"modifiers": [{
					"attribute": "apotheosis:fire_damage",
					"operation": "ADDITION",
					"values": {
						"uncommon": 1,
						"rare": 2,
						"epic": 3,
						"mythic": 4,
						"ancient": 5
					}
				},
				{
					"attribute": "apotheosis:cold_damage",
					"operation": "ADDITION",
					"values": {
						"uncommon": 1,
						"rare": 2,
						"epic": 3,
						"mythic": 4,
						"ancient": 5
					}
				}
			]
		},
		{
			"type": "apotheosis:drop_transform",
			"gem_class": {
				"key": "pickaxe",
				"types": [
					"pickaxe"
				]
			},
			"blocks": "forge:ores/diamond",
			"inputs": {
				"tag": "forge:gems/diamond"
			},
			"output": {
				"item": "born_in_chaos_v1:pieceofdarkmetal"
			},
			"values": {
				"uncommon": 0.05,
				"rare": 0.10,
				"epic": 0.15,
				"mythic": 0.20,
				"ancient": 0.25
			},
			"desc": "gem.apotheotic_additions:alchemy/felfire.pickaxe"
		},
		{
			"type": "apotheosis:mob_effect",
			"gem_class": {
				"key": "light_weapon",
				"types": [
					"sword",
					"trident"
				]
			},
			"mob_effect": "born_in_chaos_v1:infernal_flame",
			"target": "attack_target",
			"stack_on_reapply": true,
			"values": {
				"uncommon": {
					"duration": 100,
					"amplifier": 0,
					"cooldown": 100
				},
				"rare": {
					"duration": 150,
					"amplifier": 0,
					"cooldown": 100
				},
				"epic": {
					"duration": 200,
					"amplifier": 0,
					"cooldown": 100
				},
				"mythic": {
					"duration": 250,
					"amplifier": 1,
					"cooldown": 100
				},
				"ancient": {
					"duration": 300,
					"amplifier": 1,
					"cooldown": 100
				}
			}
		},
		{
			"type": "apotheosis:enchantment",
			"gem_class": {
				"key": "chestplate",
				"types": [
					"chestplate"
				]
			},
			"enchantment": "apotheosis:rebounding",
			"values": {
				"rare": 1,
				"epic": 2,
				"mythic": 3,
				"ancient": 4
			}
		},
		{
			"type": "apotheosis:attribute",
			"gem_class": {
				"key": "helmet",
				"types": [
					"helmet"
				]
			},
			"attribute": "apotheosis:life_steal",
			"operation": "MULTIPLY_TOTAL",
			"values": {
				"uncommon": 0.05,
				"rare": 0.1,
				"epic": 0.2,
				"mythic": 0.3,
				"ancient": 0.4
			}
		}
	]
}