{
	"conditions": [{
		"type": "forge:mod_loaded",
		"modid": "alexsmobs"
	}],
	"weight": 7,
	"quality": 1.5,
	"dimensions": [],
	"unique": true,
	"min_rarity": "rare",
	"bonuses": [
		{
			"type": "apotheosis:mob_effect",
			"gem_class": {
				"key": "chestplate",
				"types": [
					"chestplate"
				]
			},
			"mob_effect": "alexsmobs:poison_resistance",
			"target": "attack_self",
			"values": {
				"mythic": {
					"duration": 100,
					"amplifier": 0,
					"cooldown": 400
				},
				"ancient": {
					"duration": 200,
					"amplifier": 0,
					"cooldown": 400
				}
			}
		},
		{
			"type": "apotheosis:mob_effect",
			"gem_class": {
				"key": "boots",
				"types": [
					"boots"
				]
			},
			"mob_effect": "alexsmobs:knockback_resistance",
			"target": "attack_self",
			"values": {
				"mythic": {
					"duration": 100,
					"amplifier": 0,
					"cooldown": 400
				},
				"ancient": {
					"duration": 200,
					"amplifier": 0,
					"cooldown": 400
				}
			}
		},
		{
			"type": "apotheosis:mob_effect",
			"gem_class": {
				"key": "heavy_weapon",
				"types": [
					"heavy_weapon"
				]
			},
			"mob_effect": "alexsmobs:exsanguination",
			"target": "attack_target",
			"stack_on_reapply": true,
			"values": {
				"rare": {
					"duration": 140,
					"amplifier": 0,
					"cooldown": 120
				},
				"epic": {
					"duration": 180,
					"amplifier": 0,
					"cooldown": 100
				},
				"mythic": {
					"duration": 220,
					"amplifier": 1,
					"cooldown": 80
				},
				"ancient": {
					"duration": 500,
					"amplifier": 2,
					"cooldown": 60
				}
			}
		},
		{
			"type": "apotheosis:attribute",
			"gem_class": {
				"key": "light_weapon",
				"types": [
					"trident",
					"sword"
				]
			},
			"attribute": "apotheosis:crit_chance",
			"operation": "ADDITION",
			"values": {
				"rare": 0.02,
				"epic": 0.04,
				"mythic": 0.06,
				"ancient": 0.08
			}
		},
		{
			"type": "apotheosis:attribute",
			"gem_class": {
				"key": "helmet",
				"types": [
					"helmet"
				]
			},
			"attribute": "apotheosis:experience_gained",
			"operation": "ADDITION",
			"values": {
				"rare": 0.03,
				"epic": 0.06,
				"mythic": 0.09,
				"ancient": 0.12
			}
		}
	]
}