{
    "type": "apotheosis:attribute",
    "attribute": "minecraft:generic.max_health",
    "operation": "MULTIPLY_TOTAL",
    "values": {
        "common": {
            "min": 0.05,
            "steps": 0.5,
            "step": 0.01
        },
        "uncommon": {
            "min": 0.06,
            "steps": 1,
            "step": 0.015
        },
        "rare": {
            "min": 0.07,
            "steps": 1,
            "step": 0.015
        },
        "epic": {
            "min": 0.08,
            "steps": 1.5,
            "step": 0.015
        },
        "mythic": {
            "min": 0.09,
            "steps": 2,
            "step": 0.02
        },
        "ancient": {
            "min": 0.1,
            "steps": 2.5,
            "step": 0.025
        }
    },
    "types": [
        "curios:ring",
        "curios:head",
        "curios:trinkets",
        "curios:artifact_head",
					"curios:artifact_necklace",
                    "curios:artifact_body",
                    "curios:artifact_belt",
                    "curios:artifact_bracelet",
        "curios:hostility_curse",
		"curios:necklace",
		"curios:back",
		"curios:an_focus",
		"curios:bangle",
		"curios:body",
		"curios:bundle",
		"curios:quiver",
		"curios:spellstone",
		"curios:hands",
		"curios:belt",
		"curios:charm",
        "curios:talisman",
		"curios:feet",
        "curios:aether_ring",
        "curios:aether_cape",
        "curios:aether_gloves",
        "curios:aether_accessory",
        "curios:aether_shield",
        "curios:aether_pendant"
    ]
}