{
	"type": "apotheosis:attribute",
	"attribute": "apotheosis:crit_damage",
	"operation": "ADDITION",
	"values": {
		"common": {
			"min": 0.10,
			"steps": 5,
			"step": 0.005
		},
		"uncommon": {
			"min": 0.10,
			"steps": 5,
			"step": 0.005
		},
		"rare": {
			"min": 0.15,
			"steps": 5,
			"step": 0.005
		},
		"epic": {
			"min": 0.15,
			"steps": 5,
			"step": 0.005
		},
		"mythic": {
			"min": 0.20,
			"steps": 5,
			"step": 0.005
		},
		"ancient": {
			"min": 0.20,
			"steps": 10,
			"step": 0.005
		}
	},
	"types": [
		"curios:ring",
		"curios:head",
		"curios:necklace",
		"curios:back",
		"curios:artifact_head",
					"curios:artifact_necklace",
                    "curios:artifact_body",
                    "curios:artifact_belt",
                    "curios:artifact_bracelet",
		"curios:an_focus",
		"curios:bangle",
		"curios:hostility_curse",
		"curios:body",
		"curios:bundle",
		"curios:quiver",
		"curios:trinkets",
		"curios:spellstone",
		"curios:hands",
		"curios:belt",
		"curios:talisman",
		"curios:charm",
		"curios:feet",
		"curios:aether_ring",
        "curios:aether_cape",
        "curios:aether_gloves",
        "curios:aether_accessory",
        "curios:aether_shield",
        "curios:aether_pendant"
	]
}