{
	"conditions": [{
		"type": "forge:mod_loaded",
		"modid": "ars_nouveau"
	}],
	"type": "apotheosis:attribute",
	"attribute": "ars_nouveau:ars_nouveau.perk.flat_max_mana",
	"operation": "ADDITION",
	"values": {
		"common": {
			"min": 1,
			"steps": 15,
			"step": 1
		},
		"uncommon": {
			"min": 25,
			"steps": 25,
			"step": 1
		},
		"rare": {
			"min": 30,
			"steps": 50,
			"step": 1
		},
		"epic": {
			"min": 35,
			"steps": 75,
			"step": 1
		},
		"mythic": {
			"min": 40,
			"steps":100,
			"step": 1
		},
		"ancient": {
			"min": 45,
			"steps": 125,
			"step": 1
		}
	},
	"types": [
		"curios:ring",
		"curios:head",
		"curios:necklace",
		"curios:back",
		"curios:artifact_head",
					"curios:artifact_necklace",
                    "curios:artifact_body",
                    "curios:artifact_belt",
                    "curios:artifact_bracelet",
		"curios:an_focus",
		"curios:trinkets",
		"curios:bangle",
		"curios:body",
		"curios:bundle",
		"curios:talisman",
		"curios:quiver",
		"curios:hostility_curse",
		"curios:spellstone",
		"curios:hands",
		"curios:belt",
		"curios:charm",
		"curios:feet",
		"curios:aether_ring",
        "curios:aether_cape",
        "curios:aether_gloves",
        "curios:aether_accessory",
        "curios:aether_shield",
        "curios:aether_pendant"
	]
}