{
	"variant": "slipstream",
	"weight": 10,
	"quality": 0,
	"dimensions": [
	],
	"unique": true,
	"bonuses": [
		{
			"type": "apotheosis:attribute",
			"gem_class": {
				"key": "ranged_weapon",
				"types": [
					"bow",
					"crossbow"
				]
			},
			"attribute": "apotheosis:draw_speed",
			"operation": "MULTIPLY_BASE",
			"values": {
				"common": 0.10,
				"uncommon": 0.25,
				"rare": 0.35,
				"epic": 0.45,
				"mythic": 0.5,
				"ancient": 0.60
			}
		},
		{
			"type": "apotheosis:attribute",
			"gem_class": {
				"key": "breaker",
				"types": [
					"shovel",
					"pickaxe"
				]
			},
			"attribute": "apotheosis:mining_speed",
			"operation": "MULTIPLY_BASE",
			"values": {
				"common": 0.05,
				"uncommon": 0.15,
				"rare": 0.225,
				"epic": 0.30,
				"mythic": 0.375,
				"ancient": 0.45
			}
		},
		{
			"type": "apotheosis:attribute",
			"gem_class": {
				"key": "boots",
				"types": [
					"boots"
				]
			},
			"attribute": "apotheosis:dodge_chance",
			"operation": "ADDITION",
			"values": {
				"common": 0.025,
				"uncommon": 0.05,
				"rare": 0.075,
				"epic": 0.10,
				"mythic": 0.125,
				"ancient": 0.15
			}
		},
		{
			"type": "apotheosis:attribute",
			"gem_class": {
				"key": "curios",
				"types": [
					"curios:ring",
		"curios:head",
		"curios:necklace",
		"curios:back",
		"curios:an_focus",
		"curios:bangle",
		"curios:body",
		"curios:bundle",
		"curios:quiver",
		"curios:hostility_curse",
		"curios:spellstone",
		"curios:bracelet",
		"curios:hands",
		"curios:belt",
		"curios:charm",
		"curios:feet",
		"curios:talisman",
		"curios:aether_ring",
        "curios:aether_cape",
        "curios:aether_gloves",
        "curios:aether_accessory",
        "curios:aether_shield",
        "curios:aether_pendant"
				]
			},
			"attribute": "apotheosis:mining_speed",
			"operation": "MULTIPLY_BASE",
			"values": {
				"common": 0.025,
				"uncommon": 0.075,
				"rare": 0.1125,
				"epic": 0.15,
				"mythic": 0.1875,
				"ancient": 0.225
			}
		}
	]
}